rank,grid_id,timestamp,risk_score,risk_level,model_version,direction,anomaly_score,attention_score,attention_reason
1,6015,2013-11-02 23:00:00,0.10530393857961251,LOW,ml3-logistic-regression-v1,HIGH,14.34983550780759,14.455139446387204,Investigate grid 6015: predicted activity risk is 0.1053 (LOW). ML4 status is HIGH with anomaly score 14.3498. Activity is 1434.98% above the historical median for grid 6015 at hour 23:00
2,6115,2013-11-02 23:00:00,0.0769116410745086,LOW,ml3-logistic-regression-v1,HIGH,13.506549057569238,13.583460698643746,Investigate grid 6115: predicted activity risk is 0.0769 (LOW). ML4 status is HIGH with anomaly score 13.5065. Activity is 1350.65% above the historical median for grid 6115 at hour 23:00
3,5838,2013-11-02 22:00:00,0.016619112897140208,LOW,ml3-logistic-regression-v1,HIGH,13.417101649528092,13.433720762425233,Investigate grid 5838: predicted activity risk is 0.0166 (LOW). ML4 status is HIGH with anomaly score 13.4171. Activity is 1341.71% above the historical median for grid 5838 at hour 22:00
4,5938,2013-11-02 22:00:00,0.023527896547633098,LOW,ml3-logistic-regression-v1,HIGH,12.227368805564192,12.250896702111824,Investigate grid 5938: predicted activity risk is 0.0235 (LOW). ML4 status is HIGH with anomaly score 12.2274. Activity is 1222.74% above the historical median for grid 5938 at hour 22:00
5,5638,2013-11-02 21:00:00,0.989167103346233,HIGH,ml3-logistic-regression-v1,HIGH,11.15108490117682,12.140252004523052,Investigate grid 5638: predicted activity risk is 0.9892 (HIGH). ML4 status is HIGH with anomaly score 11.1511. Activity is 1115.11% above the historical median for grid 5638 at hour 21:00
6,5839,2013-11-02 22:00:00,0.022464912301656793,LOW,ml3-logistic-regression-v1,HIGH,11.877642535582565,11.900107447884222,Investigate grid 5839: predicted activity risk is 0.0225 (LOW). ML4 status is HIGH with anomaly score 11.8776. Activity is 1187.76% above the historical median for grid 5839 at hour 22:00
7,5738,2013-11-02 21:00:00,0.24023547009206878,LOW,ml3-logistic-regression-v1,HIGH,11.59856760984832,11.838803079940389,Investigate grid 5738: predicted activity risk is 0.2402 (LOW). ML4 status is HIGH with anomaly score 11.5986. Activity is 1159.86% above the historical median for grid 5738 at hour 21:00
8,6116,2013-11-02 23:00:00,0.03979424622334104,LOW,ml3-logistic-regression-v1,HIGH,11.69318411585401,11.73297836207735,Investigate grid 6116: predicted activity risk is 0.0398 (LOW). ML4 status is HIGH with anomaly score 11.6932. Activity is 1169.32% above the historical median for grid 6116 at hour 23:00
9,6014,2013-11-02 23:00:00,0.031583176312362626,LOW,ml3-logistic-regression-v1,HIGH,11.330521545404348,11.362104721716712,Investigate grid 6014: predicted activity risk is 0.0316 (LOW). ML4 status is HIGH with anomaly score 11.3305. Activity is 1133.05% above the historical median for grid 6014 at hour 23:00
10,7724,2013-11-07 15:00:00,1.0,HIGH,ml3-logistic-regression-v1,HIGH,10.27701086264667,11.27701086264667,Investigate grid 7724: predicted activity risk is 1.0000 (HIGH). ML4 status is HIGH with anomaly score 10.2770. Activity is 1027.70% above the historical median for grid 7724 at hour 15:00
11,7724,2013-11-07 14:00:00,1.0,HIGH,ml3-logistic-regression-v1,HIGH,10.265590277122843,11.265590277122843,Investigate grid 7724: predicted activity risk is 1.0000 (HIGH). ML4 status is HIGH with anomaly score 10.2656. Activity is 1026.56% above the historical median for grid 7724 at hour 14:00
12,6016,2013-11-02 23:00:00,0.04140684654409843,LOW,ml3-logistic-regression-v1,HIGH,11.11112558833556,11.152532434879658,Investigate grid 6016: predicted activity risk is 0.0414 (LOW). ML4 status is HIGH with anomaly score 11.1111. Activity is 1111.11% above the historical median for grid 6016 at hour 23:00
13,7724,2013-11-06 11:00:00,1.0,HIGH,ml3-logistic-regression-v1,HIGH,10.049809536789278,11.049809536789278,Investigate grid 7724: predicted activity risk is 1.0000 (HIGH). ML4 status is HIGH with anomaly score 10.0498. Activity is 1004.98% above the historical median for grid 7724 at hour 11:00
14,7724,2013-11-07 16:00:00,1.0,HIGH,ml3-logistic-regression-v1,HIGH,9.825623333098983,10.825623333098983,Investigate grid 7724: predicted activity risk is 1.0000 (HIGH). ML4 status is HIGH with anomaly score 9.8256. Activity is 982.56% above the historical median for grid 7724 at hour 16:00
15,7724,2013-11-07 11:00:00,1.0,HIGH,ml3-logistic-regression-v1,HIGH,9.501866109841082,10.501866109841082,Investigate grid 7724: predicted activity risk is 1.0000 (HIGH). ML4 status is HIGH with anomaly score 9.5019. Activity is 950.19% above the historical median for grid 7724 at hour 11:00
16,7724,2013-11-06 14:00:00,1.0,HIGH,ml3-logistic-regression-v1,HIGH,9.359192075053588,10.359192075053588,Investigate grid 7724: predicted activity risk is 1.0000 (HIGH). ML4 status is HIGH with anomaly score 9.3592. Activity is 935.92% above the historical median for grid 7724 at hour 14:00
17,7724,2013-11-06 16:00:00,1.0,HIGH,ml3-logistic-regression-v1,HIGH,9.34242691735671,10.34242691735671,Investigate grid 7724: predicted activity risk is 1.0000 (HIGH). ML4 status is HIGH with anomaly score 9.3424. Activity is 934.24% above the historical median for grid 7724 at hour 16:00
18,7724,2013-11-06 15:00:00,1.0,HIGH,ml3-logistic-regression-v1,HIGH,9.307391106605635,10.307391106605635,Investigate grid 7724: predicted activity risk is 1.0000 (HIGH). ML4 status is HIGH with anomaly score 9.3074. Activity is 930.74% above the historical median for grid 7724 at hour 15:00
19,5837,2013-11-02 22:00:00,0.00992916654125387,LOW,ml3-logistic-regression-v1,HIGH,10.141040769958703,10.150969936499957,Investigate grid 5837: predicted activity risk is 0.0099 (LOW). ML4 status is HIGH with anomaly score 10.1410. Activity is 1014.10% above the historical median for grid 5837 at hour 22:00
20,5738,2013-11-02 20:00:00,0.42415459003010825,MEDIUM,ml3-logistic-regression-v1,HIGH,9.679696306086884,10.103850896116992,Investigate grid 5738: predicted activity risk is 0.4242 (MEDIUM). ML4 status is HIGH with anomaly score 9.6797. Activity is 967.97% above the historical median for grid 5738 at hour 20:00
